event_time,email,email_domain,ip_address,age
2023-05-18 03:49:46,amygood@example.net,example.net,29.50.61.42,22
2023-04-25 07:55:29,colemantina@example.com,example.com,139.111.182.243,54
2023-05-08 15:04:12,stevenhuff@example.com,example.com,167.239.207.121,43
2023-04-25 01:23:17,blakebryan@example.org,example.org,49.190.31.113,25
2023-04-30 10:52:26,gonzalezjordan@example.com,example.com,126.86.138.150,58
2023-04-26 09:06:04,dianemcmahon@example.com,example.com,26.31.45.74,77
2023-04-22 11:15:28,chavezjames@example.com,example.com,185.151.80.174,55
2023-04-25 19:45:40,ohampton@example.org,example.org,215.250.48.56,70
2023-04-26 21:45:28,whitneymoore@example.net,example.net,46.101.145.176,54
2023-04-25 06:42:29,brooksshelia@example.com,example.com,115.57.25.163,22
2023-04-20 05:06:45,thomasjohnson@example.org,example.org,205.215.243.124,30
2023-04-22 15:25:40,snoble@example.com,example.com,1.234.190.134,39
2023-04-29 17:54:37,vellison@example.com,example.com,198.43.197.152,46
2023-04-29 13:50:33,syu@example.org,example.org,196.233.1.178,50
2023-04-22 21:54:25,adamskevin@example.net,example.net,45.182.50.107,78
2023-05-15 07:04:11,mgonzales@example.com,example.com,173.95.51.255,78
2023-05-07 06:43:36,yholland@example.net,example.net,90.252.239.35,29
2023-05-13 08:12:25,rachel38@example.org,example.org,19.196.37.193,43
2023-04-25 06:52:15,thomasjames@example.com,example.com,184.15.224.185,62
2023-04-29 04:26:21,cameronbanks@example.com,example.com,34.107.62.142,59
2023-05-14 10:54:35,thomasjohnson@example.org,example.org,205.215.243.124,40
2023-05-18 16:38:49,lindsey34@example.net,example.net,29.20.237.78,77
2023-04-20 17:20:59,igutierrez@example.com,example.com,166.115.31.80,37
2023-05-19 01:18:01,jasmine48@example.com,example.com,65.10.22.226,48
2023-04-23 15:10:01,veronicawilliams@example.net,example.net,53.136.219.100,39
2023-04-26 19:13:41,danielroberson@example.com,example.com,171.178.24.131,30
2023-05-18 18:02:30,sreilly@example.org,example.org,74.41.78.8,39
2023-05-07 23:34:35,dlynch@example.com,example.com,132.190.171.174,73
2023-05-04 05:29:31,kingsarah@example.com,example.com,41.229.48.7,33
2023-04-26 04:11:26,christopherwilliams@example.net,example.net,86.231.124.141,57
2023-04-25 14:00:57,louis66@example.org,example.org,140.110.223.144,28
2023-05-13 17:15:03,vlarson@example.com,example.com,139.13.204.15,33
2023-04-21 12:18:44,gregory69@example.net,example.net,158.220.234.75,50
2023-05-17 06:55:57,victoria42@example.net,example.net,39.155.208.60,77
2023-05-14 13:37:22,chandonna@example.com,example.com,22.58.105.9,36
2023-05-17 22:09:51,samantha77@example.com,example.com,43.170.72.240,73
2023-04-24 00:38:37,imiller@example.com,example.com,33.99.20.156,58
2023-05-09 14:23:50,calderonmichael@example.org,example.org,189.107.108.14,58
2023-05-05 04:14:02,thomasmatthew@example.org,example.org,83.61.179.51,55
2023-04-21 05:36:15,tracyrichardson@example.com,example.com,87.167.239.171,26
2023-05-16 15:10:04,sharon65@example.com,example.com,197.123.92.11,41
2023-05-08 06:28:02,xlopez@example.net,example.net,169.82.191.199,52
2023-05-02 07:26:23,juliewright@example.net,example.net,20.92.27.246,44
2023-04-21 09:07:59,kimberly03@example.com,example.com,66.165.50.196,20
2023-04-20 05:00:17,hhernandez@example.net,example.net,176.36.221.112,70
2023-05-10 16:56:20,christinaturner@example.com,example.com,116.223.23.244,77
2023-05-12 17:37:14,florestheresa@example.net,example.net,60.85.78.182,79
2023-05-05 21:35:26,hmeza@example.net,example.net,175.81.57.213,26
2023-04-29 02:07:19,qcuevas@example.net,example.net,208.135.253.133,28
2023-04-24 22:34:44,bobbyrogers@example.org,example.org,4.18.153.190,38
2023-05-03 10:59:39,william41@example.com,example.com,77.109.231.66,68
2023-05-02 12:53:46,scampbell@example.org,example.org,212.208.24.107,47
2023-05-19 03:20:41,hwarren@example.org,example.org,104.39.164.42,60
2023-05-10 04:16:00,anthonygallagher@example.com,example.com,28.229.91.220,70
2023-04-25 10:00:21,kiarahamilton@example.org,example.org,173.25.214.118,60
2023-05-15 08:09:32,garciarichard@example.net,example.net,122.16.111.128,76
2023-04-25 00:59:14,ssmith@example.org,example.org,46.124.29.90,27
2023-05-02 09:43:21,penadavid@example.net,example.net,195.27.37.171,69
2023-05-07 05:46:35,jgould@example.com,example.com,2.135.90.40,43
2023-05-01 05:20:31,lloydseth@example.org,example.org,73.254.204.119,47
2023-04-23 23:40:13,brenda67@example.org,example.org,187.42.98.70,41
2023-04-20 02:15:44,munozdenise@example.com,example.com,43.200.66.224,52
2023-04-21 12:27:39,maysjean@example.org,example.org,217.98.143.163,55
2023-05-14 11:31:03,jeremyreyes@example.com,example.com,223.176.151.106,56
2023-04-25 09:32:30,anthonygilmore@example.com,example.com,26.129.214.146,79
2023-05-05 20:54:32,sheilalee@example.com,example.com,164.221.174.49,37
2023-04-29 03:13:58,amy69@example.org,example.org,74.163.180.78,43
2023-05-05 10:11:54,vharvey@example.com,example.com,54.216.214.70,69
2023-04-21 19:43:45,bellstephanie@example.com,example.com,112.10.144.106,77
2023-05-14 02:47:16,bmadden@example.com,example.com,40.242.112.199,22
2023-05-09 23:55:30,brenda60@example.com,example.com,25.37.36.8,76
2023-05-05 15:39:17,tony96@example.com,example.com,214.114.26.144,58
2023-04-21 02:28:41,madeline58@example.net,example.net,6.219.28.121,37
2023-04-27 12:37:27,stuart89@example.org,example.org,20.23.129.180,58
2023-05-17 19:14:49,brownanita@example.com,example.com,81.126.92.83,63
2023-05-03 14:57:12,olong@example.com,example.com,17.159.2.159,21
2023-05-01 02:40:02,robertburns@example.org,example.org,136.109.139.211,62
2023-04-24 16:39:05,davisjames@example.org,example.org,217.219.231.248,36
2023-04-29 14:47:24,sherri76@example.net,example.net,223.148.225.112,25
2023-04-22 20:54:39,durhamjoseph@example.net,example.net,162.22.251.145,59
2023-05-04 13:05:32,mariaprince@example.com,example.com,46.48.170.176,22
2023-04-29 09:39:03,bradleycheryl@example.com,example.com,114.198.251.23,39
2023-05-02 00:43:44,webstergerald@example.org,example.org,104.229.59.112,55
2023-04-29 13:14:59,perryalan@example.net,example.net,46.252.141.113,49
2023-05-10 18:41:29,ffleming@example.net,example.net,74.104.78.255,79
2023-05-16 14:04:19,darius85@example.com,example.com,12.233.114.214,51
2023-04-29 11:18:45,wjohnson@example.com,example.com,195.52.132.69,28
2023-04-30 20:25:12,lindsey68@example.net,example.net,216.3.2.114,45
2023-05-14 06:06:48,vanessablankenship@example.org,example.org,123.194.246.155,59
2023-05-01 22:12:45,ryandavis@example.org,example.org,13.11.118.67,66
2023-04-30 17:35:39,hogandonna@example.org,example.org,149.142.228.44,32
2023-05-15 18:21:06,catherine56@example.org,example.org,207.126.226.26,80
2023-05-16 04:59:43,hatkins@example.org,example.org,131.116.109.26,30
2023-05-05 09:29:32,vsmith@example.org,example.org,223.137.139.154,28
2023-05-10 00:57:51,thomas57@example.com,example.com,97.33.67.246,73
2023-05-18 21:45:15,becky28@example.net,example.net,209.183.8.181,48
2023-05-15 04:37:45,melissa39@example.net,example.net,99.155.22.120,76
2023-05-05 03:30:32,nathanevans@example.org,example.org,72.179.135.68,23
2023-04-30 18:17:40,david82@example.org,example.org,214.46.103.181,33
2023-05-11 16:15:30,olsonstephen@example.com,example.com,220.170.249.3,23
